hotel_id,hotel_name,hotel_url
ho118565,Carlton Hotel Singapore,https://sg.hotels.com/ho118565/
ho148806,Royal Plaza on Scotts,https://sg.hotels.com/ho148806/
ho105367,Fairmont Singapore,https://sg.hotels.com/ho105367/
ho144875,Marina Mandarin,https://sg.hotels.com/ho144875/
ho126334,Pan Pacific Singapore,https://sg.hotels.com/ho126334/
ho220613,Shangri-La's Rasa Sentosa Resort & Spa,https://sg.hotels.com/ho220613/
ho424737,Amaris Hotel by Santika,https://sg.hotels.com/ho424737/
ho213384,"Mandarin Oriental, Singapore",https://sg.hotels.com/ho213384/
ho221376,Somerset Bencoolen Singapore,https://sg.hotels.com/ho221376/
ho192673,The Fullerton Hotel Singapore,https://sg.hotels.com/ho192673/
ho643063,Hotel G Singapore,https://sg.hotels.com/ho643063/
ho115988,Orchard Hotel Singapore,https://sg.hotels.com/ho115988/
ho491732,Park Hotel Alexandra,https://sg.hotels.com/ho491732/
ho106976,Six Senses Duxton,https://sg.hotels.com/ho106976/
ho105478,"Shangri-La Hotel, Singapore",https://sg.hotels.com/ho105478/
ho474747,Hotel Jen Orchardgateway Singapore,https://sg.hotels.com/ho474747/
ho121538,"The Ritz-Carlton, Millenia Singapore",https://sg.hotels.com/ho121538/
ho476948064,M Social Singapore,https://sg.hotels.com/ho476948064/
ho278663,"Le Méridien Singapore, Sentosa",https://sg.hotels.com/ho278663/
ho634254464,30 Bencoolen,https://sg.hotels.com/ho634254464/
ho739633024,Butternut Tree Hotel,https://sg.hotels.com/ho739633024/
ho134927,Village Hotel Bugis,https://sg.hotels.com/ho134927/
ho191947,Grand Mercure Singapore Roxy,https://sg.hotels.com/ho191947/
ho133982,Four Seasons Hotel Singapore,https://sg.hotels.com/ho133982/
ho119431,Hotel Jen Tanglin Singapore,https://sg.hotels.com/ho119431/
ho215930,Hotel 1929,https://sg.hotels.com/ho215930/
ho171778,PARKROYAL on Kitchener Road,https://sg.hotels.com/ho171778/
ho164345,PARKROYAL on Beach Road,https://sg.hotels.com/ho164345/
ho477997,Park Hotel Clarke Quay,https://sg.hotels.com/ho477997/
ho377505,Bay Hotel Singapore,https://sg.hotels.com/ho377505/
ho309315,The Quincy Hotel,https://sg.hotels.com/ho309315/
ho337770,Wangz Hotel Singapore,https://sg.hotels.com/ho337770/
ho153050,Rendezvous Hotel Singapore,https://sg.hotels.com/ho153050/
ho533852192,Sofitel Singapore City Centre,https://sg.hotels.com/ho533852192/
ho439438,Holiday Inn Express Singapore Clarke Quay,https://sg.hotels.com/ho439438/
ho132614,Copthorne Kings Singapore,https://sg.hotels.com/ho132614/
ho464363,Orchid Hotel,https://sg.hotels.com/ho464363/
ho630287264,Hotel Mi,https://sg.hotels.com/ho630287264/
ho106235,"Regent Singapore, A Four Seasons Hotel",https://sg.hotels.com/ho106235/
ho611363776,YOTEL Singapore Orchard Road,https://sg.hotels.com/ho611363776/
ho115140,Village Hotel Katong,https://sg.hotels.com/ho115140/
ho140987,Robertson Quay Hotel,https://sg.hotels.com/ho140987/
ho300462,Grand Park City Hall,https://sg.hotels.com/ho300462/
ho455941,Bliss Hotel Singapore,https://sg.hotels.com/ho455941/
ho431564416,Oasia Hotel Downtown Singapore,https://sg.hotels.com/ho431564416/
ho873180096,RedDoorz @ Aljunied,https://sg.hotels.com/ho873180096/
ho425967,Dorsett Singapore,https://sg.hotels.com/ho425967/
ho555794,Hotel Grand Central,https://sg.hotels.com/ho555794/
ho112533,Orchard Parade Hotel,https://sg.hotels.com/ho112533/
ho616384032,Hotel NuVe Urbane,https://sg.hotels.com/ho616384032/
ho456054,YMCA @ One Orchard,https://sg.hotels.com/ho456054/
ho224635,The Scarlet Singapore,https://sg.hotels.com/ho224635/
ho596781600,Andaz Singapore - a concept by Hyatt,https://sg.hotels.com/ho596781600/
ho711406752,ZEN Rooms Southbridge Road,https://sg.hotels.com/ho711406752/
ho337724,Studio M Hotel,https://sg.hotels.com/ho337724/
ho827963456,K2 Guest House,https://sg.hotels.com/ho827963456/
ho682743744,The Quay Hotel,https://sg.hotels.com/ho682743744/
ho223585,Hotel Bencoolen @ Bencoolen Street,https://sg.hotels.com/ho223585/
ho277626,Citadines Mount Sophia Singapore,https://sg.hotels.com/ho277626/
ho608130,ZEN Rooms Clarke Quay,https://sg.hotels.com/ho608130/
ho140371,"Four Points by Sheraton Singapore, Riverview",https://sg.hotels.com/ho140371/
ho688326880,MET A Space Pod @ Chinatown,https://sg.hotels.com/ho688326880/
ho438184,SO Sofitel Singapore,https://sg.hotels.com/ho438184/
ho608154,ZEN Rooms Arab Street,https://sg.hotels.com/ho608154/
ho443399,V Hotel Bencoolen,https://sg.hotels.com/ho443399/
ho440637,The Westin Singapore,https://sg.hotels.com/ho440637/
ho711406816,ZEN Rooms Boat Quay,https://sg.hotels.com/ho711406816/
ho136150,M Hotel Singapore,https://sg.hotels.com/ho136150/
ho91133824,Citadines Fusionopolis Singapore,https://sg.hotels.com/ho91133824/
ho573479,Arcadia Hotel,https://sg.hotels.com/ho573479/
ho111342,Village Hotel Albert Court,https://sg.hotels.com/ho111342/
ho415619,Days Hotel Singapore at Zhongshan Park,https://sg.hotels.com/ho415619/
ho127958,Sofitel Singapore Sentosa Resort & Spa,https://sg.hotels.com/ho127958/
ho265013,Amara Sanctuary Resort Sentosa,https://sg.hotels.com/ho265013/
ho688290720,The Great Madras,https://sg.hotels.com/ho688290720/
ho431090368,Mercure Singapore Bugis,https://sg.hotels.com/ho431090368/
ho426854,Fragrance Hotel - Classic,https://sg.hotels.com/ho426854/
ho270907,Fragrance Hotel - Ruby,https://sg.hotels.com/ho270907/
ho204438,Furama City Centre,https://sg.hotels.com/ho204438/
ho368088,Venue Hotel - The Lily,https://sg.hotels.com/ho368088/
ho435792,Holiday Inn Express Singapore Orchard Road,https://sg.hotels.com/ho435792/
ho355654,The Fullerton Bay Hotel,https://sg.hotels.com/ho355654/
ho464470,Parc Sovereign Hotel - Tyrwhitt,https://sg.hotels.com/ho464470/
ho709284928,Ann Siang House,https://sg.hotels.com/ho709284928/
ho270905,The Fragrance Hotel (Joo Chiat),https://sg.hotels.com/ho270905/
ho138655,Concorde Hotel Singapore,https://sg.hotels.com/ho138655/
ho307714,ibis Singapore On Bencoolen,https://sg.hotels.com/ho307714/
ho477041,Park Avenue Rochester,https://sg.hotels.com/ho477041/
ho474995,One Farrer Hotel & Spa,https://sg.hotels.com/ho474995/
ho363049,Venue Hotel,https://sg.hotels.com/ho363049/
ho635353248,Courtyard by Marriott Singapore Novena,https://sg.hotels.com/ho635353248/
ho375345,V Hotel Lavender,https://sg.hotels.com/ho375345/
ho567663,Hotel Boss,https://sg.hotels.com/ho567663/
ho107546,Holiday Inn Singapore Orchard City Centre,https://sg.hotels.com/ho107546/
ho105615,Sheraton Towers Singapore,https://sg.hotels.com/ho105615/
ho114214,Village Hotel Changi,https://sg.hotels.com/ho114214/
ho665345,ZEN Rooms Orchard,https://sg.hotels.com/ho665345/
ho547491,Hotel YAN,https://sg.hotels.com/ho547491/
ho608193,ZEN Rooms Mackenzie,https://sg.hotels.com/ho608193/
ho556437,Hotel Bencoolen@Hong Kong Street,https://sg.hotels.com/ho556437/
ho106102,Grand Hyatt Singapore,https://sg.hotels.com/ho106102/
ho645694,ZEN Rooms Joo Chiat,https://sg.hotels.com/ho645694/
ho547803,ibis Styles Singapore On Macpherson,https://sg.hotels.com/ho547803/
ho220917,Ascott Raffles Place Singapore,https://sg.hotels.com/ho220917/
ho309000,Capella Singapore,https://sg.hotels.com/ho309000/
ho400815712,Hotel Indigo Singapore Katong,https://sg.hotels.com/ho400815712/
ho616192768,ZEN Premium Dhoby Ghaut,https://sg.hotels.com/ho616192768/
ho323542,Fragrance Hotel - Rose,https://sg.hotels.com/ho323542/
ho372519,"Oasia Hotel Novena, Singapore",https://sg.hotels.com/ho372519/
ho738340960,Eighteen By Three Cabins,https://sg.hotels.com/ho738340960/
ho131379,The Elizabeth Hotel,https://sg.hotels.com/ho131379/
ho626398,Park 22 Hotel Little India,https://sg.hotels.com/ho626398/
ho415620,Ramada Singapore at Zhongshan Park,https://sg.hotels.com/ho415620/
ho554777,Lloyd's Inn,https://sg.hotels.com/ho554777/
ho458704,Hotel Clover The Arts,https://sg.hotels.com/ho458704/
ho368090,Hotel 81 Gold,https://sg.hotels.com/ho368090/
ho401367232,Holiday Inn Express Singapore Katong,https://sg.hotels.com/ho401367232/
ho421327,PARKROYAL on Pickering,https://sg.hotels.com/ho421327/
ho271070,Fragrance Hotel - Emerald,https://sg.hotels.com/ho271070/
ho465691,Hotel Royal @ Queens,https://sg.hotels.com/ho465691/
ho422537,The Sultan,https://sg.hotels.com/ho422537/
ho105489,Grand Park Orchard,https://sg.hotels.com/ho105489/
ho367998,Hotel 81 Chinatown,https://sg.hotels.com/ho367998/
ho368293,The Porcelain Hotel by JL Asia,https://sg.hotels.com/ho368293/
ho629030,Champion Hotel City,https://sg.hotels.com/ho629030/
ho368101,Hotel 81 Osaka,https://sg.hotels.com/ho368101/
ho325769,Fort Canning Lodge,https://sg.hotels.com/ho325769/
ho112178,Swissotel Merchant Court,https://sg.hotels.com/ho112178/
ho476750,Park Avenue Changi,https://sg.hotels.com/ho476750/
ho520156448,Ascott Orchard Singapore,https://sg.hotels.com/ho520156448/
ho233318,Harbour Ville Hotel,https://sg.hotels.com/ho233318/
ho688019,ZEN Rooms People's Park Complex,https://sg.hotels.com/ho688019/
ho603783,The Keong Saik Hotel,https://sg.hotels.com/ho603783/
ho535902176,Park Hotel Farrer Park,https://sg.hotels.com/ho535902176/
ho368076,Hotel 81 Orchid,https://sg.hotels.com/ho368076/
ho116693,Singapore Marriott Tang Plaza Hotel,https://sg.hotels.com/ho116693/
ho443876,Hotel Clover 5 HongKong Street,https://sg.hotels.com/ho443876/
ho273408,InterContinental Singapore,https://sg.hotels.com/ho273408/
ho515327,The Club Residences by Capella Singapore,https://sg.hotels.com/ho515327/
ho489280,Tai Hoe Hotel,https://sg.hotels.com/ho489280/
ho439593,AMOY,https://sg.hotels.com/ho439593/
ho328169,Nostalgia Hotel,https://sg.hotels.com/ho328169/
ho473763,J8 Hotel,https://sg.hotels.com/ho473763/
ho270906,Fragrance Hotel - Pearl,https://sg.hotels.com/ho270906/
ho608196,ZEN Rooms Bukit Merah,https://sg.hotels.com/ho608196/
ho665412,ZEN Rooms Jalan Besar,https://sg.hotels.com/ho665412/
ho271523,Fragrance Hotel - Oasis,https://sg.hotels.com/ho271523/
ho592233,Hotel Clover 7,https://sg.hotels.com/ho592233/
ho363118,Jayleen 1918 Hotel,https://sg.hotels.com/ho363118/
ho324244,Fragrance Hotel - Imperial,https://sg.hotels.com/ho324244/
ho270613,Crowne Plaza Changi Airport,https://sg.hotels.com/ho270613/
ho113090,Hilton Singapore,https://sg.hotels.com/ho113090/
ho536328,"The Vagabond Club, Singapore, a Tribute Portfolio Hotel",https://sg.hotels.com/ho536328/
ho738071776,XY Hotel Bugis Singapore,https://sg.hotels.com/ho738071776/
ho682804352,Galaxy Pods at Chinatown,https://sg.hotels.com/ho682804352/
ho426846,Fragrance Hotel - Balestier,https://sg.hotels.com/ho426846/
ho140972,Naumi Hotel,https://sg.hotels.com/ho140972/
ho191920,InterContinental Singapore Robertson Quay,https://sg.hotels.com/ho191920/
ho368092,Hotel 81 Lucky,https://sg.hotels.com/ho368092/
ho105544,Peninsula Excelsior Hotel,https://sg.hotels.com/ho105544/
ho379913,Fragrance Hotel - Bugis,https://sg.hotels.com/ho379913/
ho426850,Fragrance Hotel - Viva,https://sg.hotels.com/ho426850/
ho529223,Aqueen Hotel Paya Lebar,https://sg.hotels.com/ho529223/
ho398961,Fragrance Hotel - Riverside,https://sg.hotels.com/ho398961/
ho270908,Fragrance Hotel - Sapphire,https://sg.hotels.com/ho270908/
ho105303,"Swissotel The Stamford, Singapore",https://sg.hotels.com/ho105303/
ho368069,Value Hotel Balestier,https://sg.hotels.com/ho368069/
ho367996,Hotel 81 Dickson,https://sg.hotels.com/ho367996/
ho676505184,Mayo Inn,https://sg.hotels.com/ho676505184/
ho545341,Hotel 81 Cosy,https://sg.hotels.com/ho545341/
ho235647,Perak Hotel,https://sg.hotels.com/ho235647/
ho859007424,Downtown Cosy Apartment,https://sg.hotels.com/ho859007424/
ho504686,Resorts World Sentosa - Hard Rock Hotel,https://sg.hotels.com/ho504686/
ho608132,ZEN Rooms Farrer Park,https://sg.hotels.com/ho608132/
ho323738,Fragrance Hotel - Sunflower,https://sg.hotels.com/ho323738/
ho509302,Villa Samadhi,https://sg.hotels.com/ho509302/
ho502230,Resorts World Sentosa - Equarius Hotel,https://sg.hotels.com/ho502230/
ho379951,Fragrance Hotel - Royal,https://sg.hotels.com/ho379951/
ho445355,Changi Cove,https://sg.hotels.com/ho445355/
ho480900,Four Chain View Hotel,https://sg.hotels.com/ho480900/
ho144899,Mandarin Orchard Singapore,https://sg.hotels.com/ho144899/
ho482980800,D'Resort at Downtown East,https://sg.hotels.com/ho482980800/
ho426840,Fragrance Hotel - Kovan,https://sg.hotels.com/ho426840/
ho446856,Beach Hotel,https://sg.hotels.com/ho446856/
ho453942,Hotel Kai,https://sg.hotels.com/ho453942/
ho379934,Fragrance Hotel - Waterfront,https://sg.hotels.com/ho379934/
ho464395,Aqueen Lavender Hotel,https://sg.hotels.com/ho464395/
ho602091,Hotel 81 Fuji,https://sg.hotels.com/ho602091/
ho357139,Hotel Fort Canning,https://sg.hotels.com/ho357139/
ho368095,Hotel 81 Rochor,https://sg.hotels.com/ho368095/
ho593818,Aqueen Heritage Hotel Joo Chiat,https://sg.hotels.com/ho593818/
ho405643,Kam Leng Hotel,https://sg.hotels.com/ho405643/
ho116218,Hotel Royal,https://sg.hotels.com/ho116218/
ho608144,ZEN Rooms Geylang,https://sg.hotels.com/ho608144/
ho497713,Resorts World Sentosa - Beach Villas,https://sg.hotels.com/ho497713/
ho402280,Sandpiper Hotel,https://sg.hotels.com/ho402280/
ho368099,Value Hotel Nice,https://sg.hotels.com/ho368099/
ho368000,Hotel 81 Sakura,https://sg.hotels.com/ho368000/
ho379936,Fragrance Hotel - Ocean View,https://sg.hotels.com/ho379936/
ho368097,Hotel 81 Palace,https://sg.hotels.com/ho368097/
ho271001,Hotel Re! @ Pearl's Hill,https://sg.hotels.com/ho271001/
ho464555,Aqueen Balestier Hotel,https://sg.hotels.com/ho464555/
ho368096,Hotel Classic by Venue,https://sg.hotels.com/ho368096/
ho403172,Quality Hotel Marlow,https://sg.hotels.com/ho403172/
ho645650,ZEN Rooms Balestier,https://sg.hotels.com/ho645650/
ho402456,Hotel 81 - Heritage,https://sg.hotels.com/ho402456/
ho368064,Hotel 81 Elegance,https://sg.hotels.com/ho368064/
ho484754,JW Marriott Hotel Singapore South Beach,https://sg.hotels.com/ho484754/
ho623744288,Pegasus Hotel,https://sg.hotels.com/ho623744288/
ho327819,Orchid Country Club,https://sg.hotels.com/ho327819/
ho676511,Hotel 81 Changi,https://sg.hotels.com/ho676511/
ho571149,Ambassador Transit Hotel Terminal 2,https://sg.hotels.com/ho571149/
ho460013,Marrison @ Desker,https://sg.hotels.com/ho460013/
ho271154,Fragrance Hotel - Selegie,https://sg.hotels.com/ho271154/
ho571161,Ambassador Transit Hotel Terminal 3,https://sg.hotels.com/ho571161/
ho426856,Fragrance Hotel - Lavender,https://sg.hotels.com/ho426856/
ho577529,Regin Hotel,https://sg.hotels.com/ho577529/
ho470605,Chang Ziang Hotel,https://sg.hotels.com/ho470605/
ho645634,ZEN Premium Kampong Glam,https://sg.hotels.com/ho645634/
ho711406912,ZEN Premium Cranwell Road,https://sg.hotels.com/ho711406912/
ho136496,Conrad Centennial Singapore,https://sg.hotels.com/ho136496/
ho115869,Goodwood Park Hotel,https://sg.hotels.com/ho115869/
ho411956,W Singapore - Sentosa Cove,https://sg.hotels.com/ho411956/
ho489573,Home Suite View Hotel,https://sg.hotels.com/ho489573/
ho489939,Raintr33 Hotel Singapore,https://sg.hotels.com/ho489939/
ho507739,Yes Chinatown Point Hotel,https://sg.hotels.com/ho507739/
ho260530,The St. Regis Singapore,https://sg.hotels.com/ho260530/
ho368093,Hotel 81 Bugis,https://sg.hotels.com/ho368093/
ho676502304,CP Residences,https://sg.hotels.com/ho676502304/
ho599280,Lai Ming Hotel Cosmoland,https://sg.hotels.com/ho599280/
ho176925,Furama RiverFront,https://sg.hotels.com/ho176925/
ho687974,Destination Singapore Beach Road,https://sg.hotels.com/ho687974/
ho434374,Carlton City Hotel Singapore,https://sg.hotels.com/ho434374/
ho558059,Seng Wah Hotel,https://sg.hotels.com/ho558059/
ho368077,Hotel 81 Geylang,https://sg.hotels.com/ho368077/
ho559018,"Aerotel Transit Hotel, Terminal 1",https://sg.hotels.com/ho559018/
ho546469,BudgetOne Hotel,https://sg.hotels.com/ho546469/
ho368091,Hotel 81 Selegie,https://sg.hotels.com/ho368091/
ho558935,The Amazing Inn,https://sg.hotels.com/ho558935/
ho140960,Holiday Inn Singapore Atrium,https://sg.hotels.com/ho140960/
ho365891,Park Regis Singapore,https://sg.hotels.com/ho365891/
ho485152,Hilton Garden Inn Singapore Serangoon,https://sg.hotels.com/ho485152/
ho449384,Fisher BnB,https://sg.hotels.com/ho449384/
ho536801,85 Beach Garden Hotel,https://sg.hotels.com/ho536801/
ho871672928,Glamping by the beach - Campsite,https://sg.hotels.com/ho871672928/
ho221068,Aliwal Park Hotel,https://sg.hotels.com/ho221068/
ho115277,Amara Singapore,https://sg.hotels.com/ho115277/
ho556184,The Haven by JetQuay,https://sg.hotels.com/ho556184/
ho608138,ZEN Rooms Changi Village,https://sg.hotels.com/ho608138/
ho172703,Oxford Hotel,https://sg.hotels.com/ho172703/
ho827681312,ZEN Hostel Little India - Hostel,https://sg.hotels.com/ho827681312/
ho457015,The POD @ Beach Road,https://sg.hotels.com/ho457015/
ho650926,Tribe Theory - Business Hostel for Startups and Entrepreneurs,https://sg.hotels.com/ho650926/
ho616192832,ZEN Hostel Selegie,https://sg.hotels.com/ho616192832/
ho756144000,ZEN Hostel Kallang,https://sg.hotels.com/ho756144000/
ho621961,CUBE Boutique Capsule Hotel @ Chinatown,https://sg.hotels.com/ho621961/
ho352402,Wanderlust,https://sg.hotels.com/ho352402/
ho616193408,ZEN Hostel Hong Kong Street,https://sg.hotels.com/ho616193408/
ho592863,Meadows Hostel,https://sg.hotels.com/ho592863/
ho616193376,ZEN Hostel Farrer Park,https://sg.hotels.com/ho616193376/
ho647104736,CUBE Boutique Capsule Hotel @ Kampong Glam,https://sg.hotels.com/ho647104736/
ho466044,Adamson Inn,https://sg.hotels.com/ho466044/
ho463060,Wink Capsule Hostel,https://sg.hotels.com/ho463060/
ho656522848,ZEN Hostel Race Course Rd,https://sg.hotels.com/ho656522848/
ho449679,Drop Inn Singapore,https://sg.hotels.com/ho449679/
ho553768,Ark Hostel,https://sg.hotels.com/ho553768/
ho616193024,ZEN Hostel Serangoon Road,https://sg.hotels.com/ho616193024/
ho476868,Beary Best Hostel by A Beary Good Hostel,https://sg.hotels.com/ho476868/
ho487708,Blanc Inn,https://sg.hotels.com/ho487708/
ho740203936,INN at SG - Hostel,https://sg.hotels.com/ho740203936/
ho594293,7 Wonders Hostel,https://sg.hotels.com/ho594293/
ho464494,Superb Hostel,https://sg.hotels.com/ho464494/
ho510332,Five Stones Hostel,https://sg.hotels.com/ho510332/
ho700266,Lodge 41,https://sg.hotels.com/ho700266/
ho507743,City Backpackers - Hostel,https://sg.hotels.com/ho507743/
ho541846,ABC Premium Hostel,https://sg.hotels.com/ho541846/
ho653659,Nano Hostel,https://sg.hotels.com/ho653659/
ho777590048,Jamilla Boutique Inn - Hostel,https://sg.hotels.com/ho777590048/
ho474045,Vintage Inn @ Clarke Quay,https://sg.hotels.com/ho474045/
ho564792,Adamson Lodge - Hostel,https://sg.hotels.com/ho564792/
ho494173,Backpackers@SG - Hostel,https://sg.hotels.com/ho494173/
ho632121824,Capsule Pod Boutique Hostel,https://sg.hotels.com/ho632121824/
ho751330112,Greendili Backpackers Hostel,https://sg.hotels.com/ho751330112/
ho756980224,NNV Hostel,https://sg.hotels.com/ho756980224/
ho465413,Rucksack Inn @ Lavender,https://sg.hotels.com/ho465413/
ho465992,Beds and Dreams Inn @Chinatown,https://sg.hotels.com/ho465992/
ho539317,Mori Hostel,https://sg.hotels.com/ho539317/
ho470121,Coziee Lodge,https://sg.hotels.com/ho470121/
ho776531232,Pacific Hostel,https://sg.hotels.com/ho776531232/
ho459827,Beds & Dreams Inn @ Clarke Quay,https://sg.hotels.com/ho459827/
ho452032,Mitraa Inn,https://sg.hotels.com/ho452032/
ho487297,Pillow Talk Hostel,https://sg.hotels.com/ho487297/
ho717372288,Atlantis Pods @ Bugis,https://sg.hotels.com/ho717372288/
ho460065,Backpackers' Inn Chinatown,https://sg.hotels.com/ho460065/
ho621190,Checkers Backpackers,https://sg.hotels.com/ho621190/
ho567518,MET A Space Pod @ Boat Quay,https://sg.hotels.com/ho567518/
ho652280,The Atlas Station,https://sg.hotels.com/ho652280/
ho629069856,Indie Hostel Singapore,https://sg.hotels.com/ho629069856/
ho475431,iStay.inn,https://sg.hotels.com/ho475431/
ho575635,River City Inn - Hostel,https://sg.hotels.com/ho575635/
ho474034,Joyfor Backpackers Hostel,https://sg.hotels.com/ho474034/
ho454982,Gusti Bed & Breakfast,https://sg.hotels.com/ho454982/
ho476051,Adler Hostel,https://sg.hotels.com/ho476051/
ho486250,Moni Gallery Hostel,https://sg.hotels.com/ho486250/
ho687991,ZEN Rooms Novena,https://sg.hotels.com/ho687991/
ho356396,Moon 23 Hotel,https://sg.hotels.com/ho356396/
ho271586,Fragrance Hotel - Crystal,https://sg.hotels.com/ho271586/
ho391873,Parc Sovereign Hotel – Albert St,https://sg.hotels.com/ho391873/
ho456238,Hotel Nuve,https://sg.hotels.com/ho456238/
ho545693,Hotel Fuji,https://sg.hotels.com/ho545693/
ho462882,Arton Boutique Hotel,https://sg.hotels.com/ho462882/
ho335768,The Claremont Hotel,https://sg.hotels.com/ho335768/
ho429135,The Daulat,https://sg.hotels.com/ho429135/
ho804679648,Campbell Inn - Hostel,https://sg.hotels.com/ho804679648/
ho485536,G4 Station Backpackers' Hostel,https://sg.hotels.com/ho485536/
ho654843,Blue Jazz Hostel,https://sg.hotels.com/ho654843/
ho891422080,Hotel JSL,https://sg.hotels.com/ho891422080/
ho751284448,Safina Inn Syariah Sekupang Batam,https://sg.hotels.com/ho751284448/
ho436742,Swiss-Belhotel Harbour Bay,https://sg.hotels.com/ho436742/
ho687543,D'Kost Homestay Batam,https://sg.hotels.com/ho687543/
ho757752000,FlexiAsia BayuPuteri 3 bedrooms,https://sg.hotels.com/ho757752000/
ho683292032,M One Hotel,https://sg.hotels.com/ho683292032/
ho397953,KTM Resort,https://sg.hotels.com/ho397953/
ho870604256,KSL Hot Spring Resort,https://sg.hotels.com/ho870604256/
ho652752,Amari Johor Bahru,https://sg.hotels.com/ho652752/
ho704007840,Travelodge Batam,https://sg.hotels.com/ho704007840/
ho622777824,Sijori Resort & Spa,https://sg.hotels.com/ho622777824/
ho325016,Swiss-Inn Batam,https://sg.hotels.com/ho325016/
ho431071,"Hotel Jen Puteri Harbour, Johor",https://sg.hotels.com/ho431071/
ho756058624,TROVe Johor Bahru,https://sg.hotels.com/ho756058624/
ho514447,Peach Hill Hotel,https://sg.hotels.com/ho514447/
ho781104544,Tey Hotel,https://sg.hotels.com/ho781104544/
ho857609824,SP Hotel,https://sg.hotels.com/ho857609824/
ho559929376,Best Western Premier Panbil,https://sg.hotels.com/ho559929376/
ho126357,The Puteri Pacific Johor Bahru,https://sg.hotels.com/ho126357/
ho758309472,CIQ HOTEL at Jalan Trus,https://sg.hotels.com/ho758309472/
ho405804608,Radisson Golf & Convention Center Batam,https://sg.hotels.com/ho405804608/
ho870441952,Saffroncasa JB,https://sg.hotels.com/ho870441952/
ho682416,Best Lion Boutique Hotel,https://sg.hotels.com/ho682416/
ho606084000,7 Heaven Boutique Hotel,https://sg.hotels.com/ho606084000/
ho546104,Arena Country Club,https://sg.hotels.com/ho546104/
ho601899,RM Hotel,https://sg.hotels.com/ho601899/
ho631731,OYO 222 Ar-Raudhah Hotel,https://sg.hotels.com/ho631731/
ho720013312,ZEN Rooms Nagoya Seraya Mas Center,https://sg.hotels.com/ho720013312/
ho679800,Nasa Hotel,https://sg.hotels.com/ho679800/
ho686411936,LT Season Luxury,https://sg.hotels.com/ho686411936/
ho430429,Renaissance Johor Bahru Hotel,https://sg.hotels.com/ho430429/
ho478970,Harmoni Suites Hotel,https://sg.hotels.com/ho478970/
ho547071,Hotel Time Johor Bahru,https://sg.hotels.com/ho547071/
ho636301,Baguss Hotel and Serviced Apartment,https://sg.hotels.com/ho636301/
ho424315,Grand Paragon Hotel Johor Bahru,https://sg.hotels.com/ho424315/
ho396194,89 Hotel,https://sg.hotels.com/ho396194/
ho644803,I Hotel Baloi Batam,https://sg.hotels.com/ho644803/
ho679391,The Evitel Batam,https://sg.hotels.com/ho679391/
ho646338,Hana Hotel,https://sg.hotels.com/ho646338/
ho341483,Berjaya Waterfront Hotel,https://sg.hotels.com/ho341483/
ho608122,ZEN Rooms Near BCS Mall Penuin,https://sg.hotels.com/ho608122/
ho875545184,Victory Hotel,https://sg.hotels.com/ho875545184/
ho857506720,Holi Southkey Art Suite,https://sg.hotels.com/ho857506720/
ho850113024,Teega Waterfront - Hello Kitty,https://sg.hotels.com/ho850113024/
ho880339328,Stella Hotel,https://sg.hotels.com/ho880339328/
ho561649,D'Merlion Hotel,https://sg.hotels.com/ho561649/
ho747081728,H-Hotel,https://sg.hotels.com/ho747081728/
ho608161,ZEN Rooms Near Teluk Tering,https://sg.hotels.com/ho608161/
ho720997184,Ashton Meridin Suites,https://sg.hotels.com/ho720997184/
ho169977,Holiday Inn Resort Batam,https://sg.hotels.com/ho169977/
ho426209,GBW Hotel,https://sg.hotels.com/ho426209/
ho865636288,myJOHORstay at Country Garden Danga Bay,https://sg.hotels.com/ho865636288/
ho866376672,B27-06 Ais-kacang Sweet home Pinnacle Tower,https://sg.hotels.com/ho866376672/
ho632945408,City Living with Panoramic Sea Views at Danga Bay,https://sg.hotels.com/ho632945408/
ho812440864,Grain of sand,https://sg.hotels.com/ho812440864/
ho625914816,Sawadee Resort Hotel & Spa,https://sg.hotels.com/ho625914816/
ho698454,Olive Hotel,https://sg.hotels.com/ho698454/
ho878328896,Jiaxin Hostel,https://sg.hotels.com/ho878328896/
ho535644,Hotel Golden Gate,https://sg.hotels.com/ho535644/
ho524491,Swan Garden Hotel,https://sg.hotels.com/ho524491/
ho587384,Golden View Hotel,https://sg.hotels.com/ho587384/
ho384181408,Tiong Nam Hotel,https://sg.hotels.com/ho384181408/
ho424311,Pariss Hotel Johor Bahru,https://sg.hotels.com/ho424311/
ho578624,Holiday Villa Johor Bahru City Centre,https://sg.hotels.com/ho578624/
ho712616992,Mdm Woon's at Country Garden Danga Bay,https://sg.hotels.com/ho712616992/
ho478777,Meldrum Hotel,https://sg.hotels.com/ho478777/
ho443078,Nagoya Mansion Hotel & Residence,https://sg.hotels.com/ho443078/
ho440311,Hallmark Regency Hotel - Johor Bahru,https://sg.hotels.com/ho440311/
ho388826,"Tune Hotel - Danga Bay, Johor",https://sg.hotels.com/ho388826/
ho740772320,The Marion Hotel,https://sg.hotels.com/ho740772320/
ho608197,ZEN Rooms Near Purimas Batam Centre,https://sg.hotels.com/ho608197/
ho483407,Straits View Hotel,https://sg.hotels.com/ho483407/
ho647926208,Hotel Legend Boutique,https://sg.hotels.com/ho647926208/
ho463481,Lavender Inn Permas,https://sg.hotels.com/ho463481/
ho867136448,B27-07 Ais Kacang Sweet Home Pinnacle Tower,https://sg.hotels.com/ho867136448/
ho724398688,Teega Suites by Subhome,https://sg.hotels.com/ho724398688/
ho645750,Insta Hotel,https://sg.hotels.com/ho645750/
ho698398,WF Hotel,https://sg.hotels.com/ho698398/
ho774556384,Teega Suites - Puteri Harbour - JCL,https://sg.hotels.com/ho774556384/
ho683751136,Kireinn Hotel Batam,https://sg.hotels.com/ho683751136/
ho404498,Grands i Hotel,https://sg.hotels.com/ho404498/
ho502581,Amansari Residence Resort,https://sg.hotels.com/ho502581/
ho573548,Clover Hotel,https://sg.hotels.com/ho573548/
ho628538,Batam Harbour Hotel & Spa,https://sg.hotels.com/ho628538/
ho590292,Paragon Serviced Suites @ Straits View,https://sg.hotels.com/ho590292/
ho478539,Gideon Hotel Batam,https://sg.hotels.com/ho478539/
ho412598,Grand Sentosa Hotel,https://sg.hotels.com/ho412598/
ho624631776,D'Esplanade Residence - Sweet Dreams @ Johor City Mall,https://sg.hotels.com/ho624631776/
ho806808704,Hotel Perling by VE Vantage,https://sg.hotels.com/ho806808704/
ho553218,Greenland Hotel Batam,https://sg.hotels.com/ho553218/
ho474893,Formosa Hotel,https://sg.hotels.com/ho474893/
ho663792,Grand World Hotel,https://sg.hotels.com/ho663792/
ho823901728,Pinnacle Towers - JCL,https://sg.hotels.com/ho823901728/
ho633900,OYO 232 Hotel De Angsana,https://sg.hotels.com/ho633900/
ho866129984,Summer Homestay Apartment D’Esplanades,https://sg.hotels.com/ho866129984/
ho533669,Nagoya One Hotel,https://sg.hotels.com/ho533669/
ho474905,Venesia Hotel,https://sg.hotels.com/ho474905/
ho404967,Harbourbay Amir Hotel,https://sg.hotels.com/ho404967/
ho591885,Batam Star Hotel,https://sg.hotels.com/ho591885/
ho464126,Hotel CIQ,https://sg.hotels.com/ho464126/
ho553217,Kaliban Hotel,https://sg.hotels.com/ho553217/
ho554574,Belllo Hotel JB Central,https://sg.hotels.com/ho554574/
ho538450,Lavender Inn Nusa,https://sg.hotels.com/ho538450/
ho411978,KSL Hotel & Resort,https://sg.hotels.com/ho411978/
ho554488,Hotel Masai Utama,https://sg.hotels.com/ho554488/
ho635078,Eatern Hotel,https://sg.hotels.com/ho635078/
ho571126,Lace Boutique Hotel,https://sg.hotels.com/ho571126/
ho882167072,Rumah Joho Guesthouse,https://sg.hotels.com/ho882167072/
ho639068512,JS Hotel Johor Jaya,https://sg.hotels.com/ho639068512/
ho751300128,Home 29 JB,https://sg.hotels.com/ho751300128/
ho607173408,G5 Hotel and Services Apartment,https://sg.hotels.com/ho607173408/
ho702312,The Grand Jade Hotel,https://sg.hotels.com/ho702312/
ho756545824,Panbil Residence Apartment Batam,https://sg.hotels.com/ho756545824/
ho755897792,3R2B Seaview Condo,https://sg.hotels.com/ho755897792/
ho548167,Swiss-Inn Johor Bahru,https://sg.hotels.com/ho548167/
ho673848,OYO 297 Elmark Hotel,https://sg.hotels.com/ho673848/
ho336705,Swiss-Belinn Batam,https://sg.hotels.com/ho336705/
ho683820128,Boutique Hotel 01,https://sg.hotels.com/ho683820128/
ho387946,Silka Johor Bahru,https://sg.hotels.com/ho387946/
ho747467968,Prince 33 Hotel,https://sg.hotels.com/ho747467968/
ho842654112,Country Gardens Danga Bay - JCL,https://sg.hotels.com/ho842654112/
ho553214,Blitz Hotel,https://sg.hotels.com/ho553214/
ho413360,New York Hotel,https://sg.hotels.com/ho413360/
ho483157,Hotel Alam Indigo,https://sg.hotels.com/ho483157/
ho563694,The Six Residences at JB Sentosa,https://sg.hotels.com/ho563694/
ho426659,Zoom Inn Boutique Hotel,https://sg.hotels.com/ho426659/
ho510243136,Ibis Styles Batam Nagoya,https://sg.hotels.com/ho510243136/
ho563714,Elmark Hotel,https://sg.hotels.com/ho563714/
ho619783616,1 Tebrau Suites by Subhome,https://sg.hotels.com/ho619783616/
ho626321952,Barelang Hotel,https://sg.hotels.com/ho626321952/
ho478418,Hotel Vistaria,https://sg.hotels.com/ho478418/
ho478801,Lucky Hotel,https://sg.hotels.com/ho478801/
ho399251,Batam View Beach Resort,https://sg.hotels.com/ho399251/
ho697388,Eight Days Boutique Hotel @ Permas Jaya,https://sg.hotels.com/ho697388/
ho637136,LS Hotel,https://sg.hotels.com/ho637136/
ho590054,Amerin Hotel Johor Bahru,https://sg.hotels.com/ho590054/
ho639586304,Woda Villa & Spa,https://sg.hotels.com/ho639586304/
ho590330,Beacon Inn,https://sg.hotels.com/ho590330/
ho440465,Bliss Boutique Hotel,https://sg.hotels.com/ho440465/
ho664425,TKL Hotel,https://sg.hotels.com/ho664425/
ho406974,ēRYA by SURIA Johor Bahru,https://sg.hotels.com/ho406974/
ho621739168,Crescendo Boutique Hotel,https://sg.hotels.com/ho621739168/
ho544548,Lovina Inn Penuin,https://sg.hotels.com/ho544548/
ho461892,Mood Hotel,https://sg.hotels.com/ho461892/
ho592936,The L Hotel Entertainment,https://sg.hotels.com/ho592936/
ho781096224,Radziah's Suite Country Garden,https://sg.hotels.com/ho781096224/
ho629566048,Grand Belllo Hotel JBCC,https://sg.hotels.com/ho629566048/
ho679764,M+ Boutique Hotel,https://sg.hotels.com/ho679764/
ho638953,Smiling hill Apartments & Guesthouse,https://sg.hotels.com/ho638953/
ho357953,Hotel Sentral Johor Bahru,https://sg.hotels.com/ho357953/
ho685561,V3 Hotel & Residence Seri Alam,https://sg.hotels.com/ho685561/
ho631414496,Mdm Woon's at D'Secret Garden,https://sg.hotels.com/ho631414496/
ho798154880,Super Convenient @ Desa Tebrau Johor Bahru,https://sg.hotels.com/ho798154880/
ho486537,Somerset Puteri Harbour Iskandar Puteri,https://sg.hotels.com/ho486537/
ho702663,Country Garden Forest City Phoenix Hotel,https://sg.hotels.com/ho702663/
ho460053,Crystal Crown Hotel,https://sg.hotels.com/ho460053/
ho552477,Standard Hotel,https://sg.hotels.com/ho552477/
ho465504,Hotel Seri Malaysia Johor Bahru,https://sg.hotels.com/ho465504/
ho767742848,Flyk Hotel,https://sg.hotels.com/ho767742848/
ho657468,The Square Hotel,https://sg.hotels.com/ho657468/
ho440556,Tropical Inn,https://sg.hotels.com/ho440556/
ho626312192,Check-In Hotel,https://sg.hotels.com/ho626312192/
ho644433,Aviari Hotel,https://sg.hotels.com/ho644433/
ho651074,Amansari Hotel Nusajaya,https://sg.hotels.com/ho651074/
ho606373,The Leverage Business Hotel Skudai,https://sg.hotels.com/ho606373/
ho798151488,Best Walkable Location @ Desa Tebrau Johor Bahru,https://sg.hotels.com/ho798151488/
ho621397,Holi 1Medini Suites,https://sg.hotels.com/ho621397/
ho806401632,Nusajaya Homestay,https://sg.hotels.com/ho806401632/
ho571447,The Hills Batam,https://sg.hotels.com/ho571447/
ho770176608,Family Suite DESA TEBRAU JOHOR BAHRU,https://sg.hotels.com/ho770176608/
ho649555360,Holi Afiniti Themed Suites,https://sg.hotels.com/ho649555360/
ho850383936,Forest City Golf Hotel,https://sg.hotels.com/ho850383936/
ho640913664,Minimalist Hotel,https://sg.hotels.com/ho640913664/
ho478683,Okid Cottage Hotel,https://sg.hotels.com/ho478683/
ho583029,Hotel Seruni Internasional,https://sg.hotels.com/ho583029/
ho475454,JB Central Hotel,https://sg.hotels.com/ho475454/
ho717915232,The Loft,https://sg.hotels.com/ho717915232/
ho616182048,ZEN Rooms Skudai,https://sg.hotels.com/ho616182048/
ho735053184,Hotel Holmes GP,https://sg.hotels.com/ho735053184/
ho735772736,Green Rose Hotel,https://sg.hotels.com/ho735772736/
ho570201,Millesime Hotel,https://sg.hotels.com/ho570201/
ho798255360,The Woody @ Desa Tebrau,https://sg.hotels.com/ho798255360/
ho798148992,Homestay @ AEON Desa Tebrau,https://sg.hotels.com/ho798148992/
ho541736,Erica Hotel,https://sg.hotels.com/ho541736/
ho625010848,Hotel Ariana @ Iskandar,https://sg.hotels.com/ho625010848/
ho673557,OYO 292 Stella Hotel,https://sg.hotels.com/ho673557/
ho544807,Lovina Inn Nagoya,https://sg.hotels.com/ho544807/
ho374019,Triniti Hotel Batam,https://sg.hotels.com/ho374019/
ho461790,J Hotel,https://sg.hotels.com/ho461790/
ho626302688,Hotel Fresh One,https://sg.hotels.com/ho626302688/
ho491749,The Centro Hotel & Residence by Orchardz,https://sg.hotels.com/ho491749/
ho644329,Austin Heights Golf and Hotel Resort,https://sg.hotels.com/ho644329/
ho645552,1 Million Hotel,https://sg.hotels.com/ho645552/
ho451328,Hermess Hotel,https://sg.hotels.com/ho451328/
ho629081856,Hotel Gloris,https://sg.hotels.com/ho629081856/
ho481369,JB City Hotel,https://sg.hotels.com/ho481369/
ho590296,V8 Hotel,https://sg.hotels.com/ho590296/
ho470638,Golden Court Hotel,https://sg.hotels.com/ho470638/
ho651085,Hotel Suan Bee,https://sg.hotels.com/ho651085/
ho643755,T-Hotel Johor Bahru,https://sg.hotels.com/ho643755/
ho590750,The Vintage Hotel,https://sg.hotels.com/ho590750/
ho396688,Montigo Resorts Nongsa,https://sg.hotels.com/ho396688/
ho798156640,De Garden @ Desa Tebrau Johor Bahru,https://sg.hotels.com/ho798156640/
ho548111,Hotel Ria,https://sg.hotels.com/ho548111/
ho561563,Sky View Hotel,https://sg.hotels.com/ho561563/
ho891458496,Dajie Avenue Hotel,https://sg.hotels.com/ho891458496/
ho480174,Princeton Hotel,https://sg.hotels.com/ho480174/
ho606640448,Baguss Homestay,https://sg.hotels.com/ho606640448/
ho444650,In@Hotel,https://sg.hotels.com/ho444650/
ho646100928,D'Grande Hotel,https://sg.hotels.com/ho646100928/
ho483310,Hotel 193,https://sg.hotels.com/ho483310/
ho590642,Dju Dju Hotel,https://sg.hotels.com/ho590642/
ho608186,ZEN Rooms Near Ferry Terminal Batam Centre,https://sg.hotels.com/ho608186/
ho645061,JS Hotel,https://sg.hotels.com/ho645061/
ho691016096,ZEN Rooms Nusajaya,https://sg.hotels.com/ho691016096/
ho641947200,1Tebrau Premium Suites by 12stay,https://sg.hotels.com/ho641947200/
ho683254720,Hotel Puri Ksatria,https://sg.hotels.com/ho683254720/
ho514433,I Leaf Boutique Hotel,https://sg.hotels.com/ho514433/
ho606062080,Natura Hotel,https://sg.hotels.com/ho606062080/
ho632485984,NewStar Homestay,https://sg.hotels.com/ho632485984/
ho634321184,D'Carlton Resort,https://sg.hotels.com/ho634321184/
ho674954,RJ Hotel Skudai,https://sg.hotels.com/ho674954/
ho702217,V3 Hotel Taman Gaya,https://sg.hotels.com/ho702217/
ho673506,OYO 270 Home Stay Link Inn,https://sg.hotels.com/ho673506/
ho664424,Big Big Hotel,https://sg.hotels.com/ho664424/
ho449801,Rooms Boutique Hotel,https://sg.hotels.com/ho449801/
ho634347104,Legenda Boutique Hotel,https://sg.hotels.com/ho634347104/
ho535121,Cittic Hotel,https://sg.hotels.com/ho535121/
ho478242,Mutiara Johor Bahru,https://sg.hotels.com/ho478242/
ho456096,I-Style Hotel,https://sg.hotels.com/ho456096/
ho611632736,V3 Hotel Nusajaya,https://sg.hotels.com/ho611632736/
ho644843,sky inn express,https://sg.hotels.com/ho644843/
ho645078,Hotel Austin Paradise - Pulai Utama,https://sg.hotels.com/ho645078/
ho570575,D Elegance Hotel,https://sg.hotels.com/ho570575/
ho471887,Euro Hotel Johor Bahru,https://sg.hotels.com/ho471887/
ho618513280,Suntec Hotel,https://sg.hotels.com/ho618513280/
ho497640,MZ Hotel,https://sg.hotels.com/ho497640/
ho888385952,Hotel By The Park,https://sg.hotels.com/ho888385952/
ho697422,8 Days Boutique Hotel @ Mount Austin JB,https://sg.hotels.com/ho697422/
ho644117,Hotel Austin Paradise - Mount Austin,https://sg.hotels.com/ho644117/
ho648217,Warm Blanket Hotel - Hostel,https://sg.hotels.com/ho648217/
ho633913,OYO 206 Hotel Ledang Utama,https://sg.hotels.com/ho633913/
ho683763456,Lai Lai Mutiara Hotel,https://sg.hotels.com/ho683763456/
ho670651,Vanilla Hotel,https://sg.hotels.com/ho670651/
ho645905,The Golden Bay Hotel Batam,https://sg.hotels.com/ho645905/
ho555750,Zest Hotel Harbour Bay,https://sg.hotels.com/ho555750/
ho666379,New Boutique Hotel,https://sg.hotels.com/ho666379/
ho618735,ZEN Rooms Near Nagoya Square,https://sg.hotels.com/ho618735/
ho461458,I am Jazz Boutique Hotel,https://sg.hotels.com/ho461458/
ho402231,Grand Hallmark Hotel (Johor Bahru),https://sg.hotels.com/ho402231/
ho627712,Baguss City Hotel,https://sg.hotels.com/ho627712/
ho405669,Crown Vista Hotel,https://sg.hotels.com/ho405669/
ho686407200,LT Tropez Homestay,https://sg.hotels.com/ho686407200/
ho397943,Nongsa Point Marina & Resort,https://sg.hotels.com/ho397943/
ho660485024,Yes I Do Chapel - NewStar Homestay No.2,https://sg.hotels.com/ho660485024/
ho697429,Eight Days Boutique Hotel @ ImpianEmas Skudai,https://sg.hotels.com/ho697429/
ho693662,Double K Hostel Johor Bahru,https://sg.hotels.com/ho693662/
ho887429632,Sinar Eco Resort,https://sg.hotels.com/ho887429632/
ho441825,LEGOLAND Malaysia Resort,https://sg.hotels.com/ho441825/
ho416628,"Capri by Fraser, Changi City Singapore",https://sg.hotels.com/ho416628/
ho112862,Novotel Singapore Clarke Quay,https://sg.hotels.com/ho112862/
ho457225,DoubleTree by Hilton Hotel Johor Bahru,https://sg.hotels.com/ho457225/
ho561109,Somerset Medini Iskandar Puteri,https://sg.hotels.com/ho561109/
ho666386,five6 Hotel Splendour,https://sg.hotels.com/ho666386/
ho593432,The Southbridge Hotel,https://sg.hotels.com/ho593432/
ho457090,Harmoni One Convention Hotel & Service Apartments,https://sg.hotels.com/ho457090/
ho648492,Hotel Mono,https://sg.hotels.com/ho648492/
ho557863,Treetops Executive Residences,https://sg.hotels.com/ho557863/
ho464180,The Seacare Hotel,https://sg.hotels.com/ho464180/
ho390624,HARRIS Hotel Batam Center,https://sg.hotels.com/ho390624/
ho150580,Grand Copthorne Waterfront,https://sg.hotels.com/ho150580/
ho464599,Innotel Hotel,https://sg.hotels.com/ho464599/
ho211776,"Fraser Place Robertson Walk, Singapore",https://sg.hotels.com/ho211776/
